contrast,dissimilarity,homogeneity,energy,correlation,asm
30.818791946308725,3.413154362416107,0.4165675799672374,0.24559915633617585,0.9950544992998692,0.060318945593041344
