contrast,dissimilarity,homogeneity,energy,correlation,asm
57.6779418344519,3.1185682326621924,0.4811877331688117,0.26594433572115345,0.9869689250411661,0.07072638970216558
