contrast,dissimilarity,homogeneity,energy,correlation,asm
93.9462639821029,2.3702460850111855,0.7309734362217328,0.3597760665626023,0.9502176403277591,0.12943881807125804
