contrast,dissimilarity,homogeneity,energy,correlation,asm
177.928903803132,3.746979865771812,0.7167908537355465,0.6403397953243806,0.9824639494054194,0.41003505347606956
