contrast,dissimilarity,homogeneity,energy,correlation,asm
70.23302013422818,4.10586129753915,0.5121369974119789,0.378684623337117,0.9871016845806262,0.14340204395197417
