contrast,dissimilarity,homogeneity,energy,correlation,asm
234.64720357941832,7.833333333333334,0.36143345366581625,0.04289765027389105,0.9700973158356886,0.0018402083990210652
